name,Gender,YearsExperience,EducationLevel,University,GapYears,email,phone
Aiden Brooks,Male,5,Bachelor,MIT,0,aiden.brooks@email.com,555-0301
Bella Carter,Female,4,Master,Berkeley,2,bella.carter@email.com,555-0302
Caleb Davis,Male,3,Bachelor,Stanford,0,caleb.davis@email.com,555-0303
Daisy Evans,Female,6,PhD,Harvard,1,daisy.evans@email.com,555-0304
Ethan Foster,Male,2,Bachelor,MIT,0,ethan.foster@email.com,555-0305
Fiona Gray,Female,7,Master,Berkeley,3,fiona.gray@email.com,555-0306
Gideon Harris,Male,4,Bachelor,Stanford,0,gideon.harris@email.com,555-0307
Hazel Ivy,Female,5,Bachelor,Harvard,2,hazel.ivy@email.com,555-0308
Ian James,Male,3,Master,MIT,0,ian.james@email.com,555-0309
Jade Kelly,Female,6,PhD,Yale,1,jade.kelly@email.com,555-0310
Kieran Lee,Male,2,Bachelor,Stanford,0,kieran.lee@email.com,555-0311
Lila Moore,Female,8,Master,Berkeley,3,lila.moore@email.com,555-0312
Mason Nolan,Male,5,Bachelor,MIT,0,mason.nolan@email.com,555-0313
Nora Quinn,Female,4,Bachelor,Harvard,2,nora.quinn@email.com,555-0314
Owen Parker,Male,3,Master,Stanford,0,owen.parker@email.com,555-0315
Piper Rose,Female,7,PhD,Yale,1,piper.rose@email.com,555-0316
Quincy Smith,Male,4,Bachelor,MIT,0,quincy.smith@email.com,555-0317
Rhea Taylor,Female,6,Master,Berkeley,3,rhea.taylor@email.com,555-0318
Silas Turner,Male,2,Bachelor,Stanford,0,silas.turner@email.com,555-0319
Tara Vale,Female,5,Bachelor,Harvard,2,tara.vale@email.com,555-0320
Uriah Wells,Male,3,Master,MIT,0,uriah.wells@email.com,555-0321
Vera Yang,Female,4,PhD,Yale,1,vera.yang@email.com,555-0322
Wyatt Zane,Male,5,Bachelor,Stanford,0,wyatt.zane@email.com,555-0323
Xena Bloom,Female,6,Master,Berkeley,3,xena.bloom@email.com,555-0324
Yves Clark,Male,2,Bachelor,MIT,0,yves.clark@email.com,555-0325
Zara Dean,Female,7,Bachelor,Harvard,2,zara.dean@email.com,555-0326
Alex Ellis,Non-binary,4,Master,Stanford,1,alex.ellis@email.com,555-0327
Blake Ford,Non-binary,3,Bachelor,Yale,2,blake.ford@email.com,555-0328
Casey Grant,Non-binary,5,PhD,Harvard,1,casey.grant@email.com,555-0329
Dylan Hart,Male,2,Bachelor,MIT,0,dylan.hart@email.com,555-0330
Ella Jones,Female,5,Master,Berkeley,2,ella.jones@email.com,555-0331
Finn Klein,Male,4,Bachelor,Stanford,0,finn.klein@email.com,555-0332
Gia Lane,Female,7,PhD,Harvard,1,gia.lane@email.com,555-0333
Hank Miles,Male,3,Master,MIT,0,hank.miles@email.com,555-0334
Ivy Nash,Female,6,Bachelor,Yale,2,ivy.nash@email.com,555-0335
Jack Owen,Male,5,Bachelor,Stanford,0,jack.owen@email.com,555-0336
Kara Pace,Female,4,Master,Berkeley,3,kara.pace@email.com,555-0337
Liam Reed,Male,2,Bachelor,MIT,0,liam.reed@email.com,555-0338
Mae Shaw,Female,5,PhD,Harvard,1,mae.shaw@email.com,555-0339
Nico Tate,Male,4,Master,Stanford,0,nico.tate@email.com,555-0340
Ola Vale,Female,6,Bachelor,Yale,2,ola.vale@email.com,555-0341
Pete Ward,Male,3,Bachelor,MIT,0,pete.ward@email.com,555-0342
Rina York,Female,7,Master,Berkeley,3,rina.york@email.com,555-0343
Seth Zane,Male,5,Bachelor,Stanford,0,seth.zane@email.com,555-0344
Tina Bell,Female,4,PhD,Harvard,1,tina.bell@email.com,555-0345
Umar Cole,Male,2,Master,MIT,0,umar.cole@email.com,555-0346
Vera Dunn,Female,5,Bachelor,Yale,2,vera.dunn@email.com,555-0347
Wes Ford,Male,4,Bachelor,Stanford,0,wes.ford@email.com,555-0348
Xena Gale,Female,6,Master,Berkeley,3,xena.gale@email.com,555-0349
Yuri Hill,Male,3,Bachelor,MIT,0,yuri.hill@email.com,555-0350
Zoe Iris,Female,7,PhD,Harvard,1,zoe.iris@email.com,555-0351
Adam Judd,Male,5,Master,Stanford,0,adam.judd@email.com,555-0352
Bryn Kane,Female,4,Bachelor,Yale,2,bryn.kane@email.com,555-0353
Cody Lane,Male,2,Bachelor,MIT,0,cody.lane@email.com,555-0354
Dana Moss,Female,5,Master,Berkeley,3,dana.moss@email.com,555-0355
Evan Nash,Male,4,Bachelor,Stanford,0,evan.nash@email.com,555-0356
Faye Owen,Female,6,PhD,Harvard,1,faye.owen@email.com,555-0357
Gus Pace,Male,3,Master,MIT,0,gus.pace@email.com,555-0358
Hana Quinn,Female,7,Bachelor,Yale,2,hana.quinn@email.com,555-0359
Ike Reed,Male,5,Bachelor,Stanford,0,ike.reed@email.com,555-0360
Jill Shaw,Female,4,Master,Berkeley,3,jill.shaw@email.com,555-0361
Kian Tate,Male,2,Bachelor,MIT,0,kian.tate@email.com,555-0362
Lia Vale,Female,5,PhD,Harvard,1,lia.vale@email.com,555-0363
Max Ward,Male,4,Bachelor,Stanford,0,max.ward@email.com,555-0364
Nia York,Female,6,Bachelor,Yale,2,nia.york@email.com,555-0365
Omar Zane,Male,3,Master,MIT,0,omar.zane@email.com,555-0366
Pia Bell,Female,7,Master,Berkeley,3,pia.bell@email.com,555-0367
Rex Cole,Male,5,Bachelor,Stanford,0,rex.cole@email.com,555-0368
Sia Dunn,Female,4,PhD,Harvard,1,sia.dunn@email.com,555-0369
Tim Ford,Male,2,Bachelor,MIT,0,tim.ford@email.com,555-0370
Uma Gale,Female,5,Master,Yale,2,uma.gale@email.com,555-0371
Vik Hill,Male,4,Bachelor,Stanford,0,vik.hill@email.com,555-0372
Wyn Iris,Female,6,Bachelor,Berkeley,3,wyn.iris@email.com,555-0373
Xan Judd,Male,3,Master,MIT,0,xan.judd@email.com,555-0374
Yara Kane,Female,7,PhD,Harvard,1,yara.kane@email.com,555-0375
Zed Lane,Male,5,Bachelor,Stanford,0,zed.lane@email.com,555-0376
Ava Moss,Female,4,Master,Yale,2,ava.moss@email.com,555-0377
Beau Nash,Male,2,Bachelor,MIT,0,beau.nash@email.com,555-0378
Cora Owen,Female,5,Bachelor,Berkeley,3,cora.owen@email.com,555-0379
Dean Pace,Male,4,Master,Stanford,0,dean.pace@email.com,555-0380
Elsa Quinn,Female,6,PhD,Harvard,1,elsa.quinn@email.com,555-0381
Finn Reed,Male,3,Bachelor,MIT,0,finn.reed@email.com,555-0382
Gia Shaw,Female,7,Bachelor,Yale,2,gia.shaw@email.com,555-0383
Hank Tate,Male,5,Bachelor,Stanford,0,hank.tate@email.com,555-0384
Ivy Vale,Female,4,Master,Berkeley,3,ivy.vale@email.com,555-0385
Jace Ward,Male,2,Master,MIT,0,jace.ward@email.com,555-0386
Kara York,Female,5,PhD,Harvard,1,kara.york@email.com,555-0387
Liam Zane,Male,4,Bachelor,Stanford,0,liam.zane@email.com,555-0388
Mae Bell,Female,6,Bachelor,Yale,2,mae.bell@email.com,555-0389
Nico Cole,Male,3,Bachelor,MIT,0,nico.cole@email.com,555-0390
Ola Dunn,Female,7,Master,Berkeley,3,ola.dunn@email.com,555-0391
Pete Ford,Male,5,Bachelor,Stanford,0,pete.ford@email.com,555-0392
Rina Gale,Female,4,PhD,Harvard,1,rina.gale@email.com,555-0393
Seth Hill,Male,2,Bachelor,MIT,0,seth.hill@email.com,555-0394
Tina Iris,Female,5,Master,Yale,2,tina.iris@email.com,555-0395
Umar Judd,Male,4,Bachelor,Stanford,0,umar.judd@email.com,555-0396
Vera Kane,Female,6,Bachelor,Berkeley,3,vera.kane@email.com,555-0397
Wes Lane,Male,3,Master,MIT,0,wes.lane@email.com,555-0398
Xena Moss,Female,7,PhD,Harvard,1,xena.moss@email.com,555-0399
Yuri Nash,Male,5,Bachelor,Stanford,0,yuri.nash@email.com,555-0400
Noah Adams,Male,4,Bachelor,MIT,0,noah.adams@email.com,555-0401
Sophie Allen,Female,5,Master,Berkeley,2,sophie.allen@email.com,555-0402
Lucas Bailey,Male,3,Bachelor,Stanford,0,lucas.bailey@email.com,555-0403
Amelia Barnes,Female,6,PhD,Harvard,1,amelia.barnes@email.com,555-0404
Elijah Bennett,Male,2,Bachelor,MIT,0,elijah.bennett@email.com,555-0405
Chloe Brooks,Female,7,Bachelor,Yale,2,chloe.brooks@email.com,555-0406
Gabriel Carter,Male,5,Bachelor,Stanford,0,gabriel.carter@email.com,555-0407
Avery Clark,Non-binary,4,Master,Stanford,1,avery.clark@email.com,555-0408
Mia Collins,Female,6,Master,Berkeley,3,mia.collins@email.com,555-0409
Henry Cook,Male,3,Master,MIT,0,henry.cook@email.com,555-0410
Isla Cooper,Female,5,Bachelor,Harvard,2,isla.cooper@email.com,555-0411
Jacob Cox,Male,4,Bachelor,Stanford,0,jacob.cox@email.com,555-0412
Harper Davis,Female,7,PhD,Yale,1,harper.davis@email.com,555-0413
Logan Edwards,Male,2,Bachelor,MIT,0,logan.edwards@email.com,555-0414
Lily Ellis,Female,6,Bachelor,Yale,2,lily.ellis@email.com,555-0415
Mason Evans,Male,5,Bachelor,Stanford,0,mason.evans@email.com,555-0416
Ava Fisher,Female,4,Master,Berkeley,3,ava.fisher@email.com,555-0417
Ethan Ford,Male,3,Master,MIT,0,ethan.ford@email.com,555-0418
Ella Foster,Female,7,PhD,Harvard,1,ella.foster@email.com,555-0419
Liam Fox,Male,4,Bachelor,Stanford,0,liam.fox@email.com,555-0420
Grace Gibson,Female,5,Bachelor,Harvard,2,grace.gibson@email.com,555-0421
Oliver Gray,Male,2,Bachelor,MIT,0,oliver.gray@email.com,555-0422
Scarlett Green,Female,6,Master,Berkeley,3,scarlett.green@email.com,555-0423
James Hall,Male,5,Bachelor,Stanford,0,james.hall@email.com,555-0424
Ruby Harris,Female,4,Bachelor,Yale,2,ruby.harris@email.com,555-0425
William Hayes,Male,3,Master,MIT,0,william.hayes@email.com,555-0426
Lillian Hill,Female,7,PhD,Harvard,1,lillian.hill@email.com,555-0427
Daniel Howard,Male,4,Bachelor,Stanford,0,daniel.howard@email.com,555-0428
Sofia Hughes,Female,5,Master,Berkeley,2,sofia.hughes@email.com,555-0429
Benjamin Hunt,Male,2,Bachelor,MIT,0,benjamin.hunt@email.com,555-0430
Charlotte Jackson,Female,6,Bachelor,Yale,2,charlotte.jackson@email.com,555-0431
Alexander James,Male,5,Bachelor,Stanford,0,alexander.james@email.com,555-0432
Emily Jenkins,Female,4,Master,Berkeley,3,emily.jenkins@email.com,555-0433
Michael Johnson,Male,3,Master,MIT,0,michael.johnson@email.com,555-0434
Abigail Jones,Female,7,PhD,Harvard,1,abigail.jones@email.com,555-0435
Thomas Kelly,Male,4,Bachelor,Stanford,0,thomas.kelly@email.com,555-0436
Madison King,Female,5,Bachelor,Harvard,2,madison.king@email.com,555-0437
David Lee,Male,2,Bachelor,MIT,0,david.lee@email.com,555-0438
Evelyn Lewis,Female,6,Master,Berkeley,3,evelyn.lewis@email.com,555-0439
Joseph Long,Male,5,Bachelor,Stanford,0,joseph.long@email.com,555-0440
Zoey Lopez,Female,4,Bachelor,Yale,2,zoey.lopez@email.com,555-0441
Ryan Martinez,Male,3,Master,MIT,0,ryan.martinez@email.com,555-0442
Aubrey Miller,Female,7,PhD,Harvard,1,aubrey.miller@email.com,555-0443
Nathan Moore,Male,4,Bachelor,Stanford,0,nathan.moore@email.com,555-0444
Hazel Morris,Female,5,Master,Berkeley,2,hazel.morris@email.com,555-0445
Andrew Murphy,Male,2,Bachelor,MIT,0,andrew.murphy@email.com,555-0446
Savannah Nelson,Female,6,Bachelor,Yale,2,savannah.nelson@email.com,555-0447
Samuel Parker,Male,5,Bachelor,Stanford,0,samuel.parker@email.com,555-0448
Brooklyn Perry,Female,4,Master,Berkeley,3,brooklyn.perry@email.com,555-0449
Luke Phillips,Male,3,Master,MIT,0,luke.phillips@email.com,555-0450
Paisley Price,Female,7,PhD,Harvard,1,paisley.price@email.com,555-0451
John Reed,Male,4,Bachelor,Stanford,0,john.reed@email.com,555-0452
Aaliyah Roberts,Female,5,Bachelor,Harvard,2,aaliyah.roberts@email.com,555-0453
Charles Rogers,Male,2,Bachelor,MIT,0,charles.rogers@email.com,555-0454
Lydia Ross,Female,6,Master,Berkeley,3,lydia.ross@email.com,555-0455
Matthew Scott,Male,5,Bachelor,Stanford,0,matthew.scott@email.com,555-0456
Stella Smith,Female,4,Bachelor,Yale,2,stella.smith@email.com,555-0457
Anthony Stewart,Male,3,Master,MIT,0,anthony.stewart@email.com,555-0458
Clara Taylor,Female,7,PhD,Harvard,1,clara.taylor@email.com,555-0459
Mark Thomas,Male,4,Bachelor,Stanford,0,mark.thomas@email.com,555-0460
Aurora Thompson,Female,5,Master,Berkeley,2,aurora.thompson@email.com,555-0461
Steven Turner,Male,2,Bachelor,MIT,0,steven.turner@email.com,555-0462
Violet Walker,Female,6,Bachelor,Yale,2,violet.walker@email.com,555-0463
Paul Ward,Male,5,Bachelor,Stanford,0,paul.ward@email.com,555-0464
Delilah White,Female,4,Master,Berkeley,3,delilah.white@email.com,555-0465
Edward Wilson,Male,3,Master,MIT,0,edward.wilson@email.com,555-0466
Penelope Wood,Female,7,PhD,Harvard,1,penelope.wood@email.com,555-0467
George Wright,Male,4,Bachelor,Stanford,0,george.wright@email.com,555-0468
Freya Young,Female,5,Bachelor,Harvard,2,freya.young@email.com,555-0469
Riley Adams,Non-binary,4,Master,Yale,1,riley.adams@email.com,555-0470
Chris Allen,Male,2,Bachelor,MIT,0,chris.allen@email.com,555-0471
Hanna Bailey,Female,6,Master,Berkeley,3,hanna.bailey@email.com,555-0472
Evan Barnes,Male,5,Bachelor,Stanford,0,evan.barnes@email.com,555-0473
Kylie Bennett,Female,4,Bachelor,Yale,2,kylie.bennett@email.com,555-0474
Josh Brooks,Male,3,Master,MIT,0,josh.brooks@email.com,555-0475
Leah Carter,Female,7,PhD,Harvard,1,leah.carter@email.com,555-0476
Adam Clark,Male,4,Bachelor,Stanford,0,adam.clark@email.com,555-0477
Tessa Collins,Female,5,Master,Berkeley,2,tessa.collins@email.com,555-0478
Brian Cook,Male,2,Bachelor,MIT,0,brian.cook@email.com,555-0479
Elle Cooper,Female,6,Bachelor,Yale,2,elle.cooper@email.com,555-0480
Caleb Cox,Male,5,Bachelor,Stanford,0,caleb.cox@email.com,555-0481
Nora Davis,Female,4,Master,Berkeley,3,nora.davis@email.com,555-0482
Dylan Edwards,Male,3,Master,MIT,0,dylan.edwards@email.com,555-0483
Mila Ellis,Female,7,PhD,Harvard,1,mila.ellis@email.com,555-0484
Finn Evans,Male,4,Bachelor,Stanford,0,finn.evans@email.com,555-0485
Lara Fisher,Female,5,Bachelor,Harvard,2,lara.fisher@email.com,555-0486
Gabe Ford,Male,2,Bachelor,MIT,0,gabe.ford@email.com,555-0487
Siena Foster,Female,6,Master,Berkeley,3,siena.foster@email.com,555-0488
Hank Fox,Male,5,Bachelor,Stanford,0,hank.fox@email.com,555-0489
Talia Gibson,Female,4,Bachelor,Yale,2,talia.gibson@email.com,555-0490
Ian Gray,Male,3,Master,MIT,0,ian.gray@email.com,555-0491
Vera Green,Female,7,PhD,Harvard,1,vera.green@email.com,555-0492
Jack Hall,Male,4,Bachelor,Stanford,0,jack.hall@email.com,555-0493
Zoe Harris,Female,5,Master,Berkeley,2,zoe.harris@email.com,555-0494
Kyle Hayes,Male,2,Bachelor,MIT,0,kyle.hayes@email.com,555-0495
Lina Hill,Female,6,Bachelor,Yale,2,lina.hill@email.com,555-0496
Liam Howard,Male,5,Bachelor,Stanford,0,liam.howard@email.com,555-0497
Mara Hughes,Female,4,Master,Berkeley,3,mara.hughes@email.com,555-0498
Mark Hunt,Male,3,Master,MIT,0,mark.hunt@email.com,555-0499
Nia Jackson,Female,7,PhD,Harvard,1,nia.jackson@email.com,555-0500
Neil James,Male,4,Bachelor,Stanford,0,neil.james@email.com,555-0501
Opal Jenkins,Female,5,Bachelor,Harvard,2,opal.jenkins@email.com,555-0502
Paul Johnson,Male,2,Bachelor,MIT,0,paul.johnson@email.com,555-0503
Pia Jones,Female,6,Master,Berkeley,3,pia.jones@email.com,555-0504
Quin Kelly,Male,5,Bachelor,Stanford,0,quin.kelly@email.com,555-0505
Ria King,Female,4,Bachelor,Yale,2,ria.king@email.com,555-0506
Ross Lee,Male,3,Master,MIT,0,ross.lee@email.com,555-0507
Sana Lewis,Female,7,PhD,Harvard,1,sana.lewis@email.com,555-0508
Sam Long,Male,4,Bachelor,Stanford,0,sam.long@email.com,555-0509
Tara Lopez,Female,5,Master,Berkeley,2,tara.lopez@email.com,555-0510
Toby Martinez,Male,2,Bachelor,MIT,0,toby.martinez@email.com,555-0511
Uma Miller,Female,6,Bachelor,Yale,2,uma.miller@email.com,555-0512
Vince Moore,Male,5,Bachelor,Stanford,0,vince.moore@email.com,555-0513
Willa Morris,Female,4,Master,Berkeley,3,willa.morris@email.com,555-0514
Wes Murphy,Male,3,Master,MIT,0,wes.murphy@email.com,555-0515
Xena Nelson,Female,7,PhD,Harvard,1,xena.nelson@email.com,555-0516
Yale Parker,Male,4,Bachelor,Stanford,0,yale.parker@email.com,555-0517
Zara Perry,Female,5,Bachelor,Harvard,2,zara.perry@email.com,555-0518
Alec Phillips,Male,2,Bachelor,MIT,0,alec.phillips@email.com,555-0519
Bryn Price,Female,6,Master,Berkeley,3,bryn.price@email.com,555-0520
Cade Reed,Male,5,Bachelor,Stanford,0,cade.reed@email.com,555-0521
Dana Roberts,Female,4,Bachelor,Yale,2,dana.roberts@email.com,555-0522
Evan Rogers,Male,3,Master,MIT,0,evan.rogers@email.com,555-0523
Faye Ross,Female,7,PhD,Harvard,1,faye.ross@email.com,555-0524
Gus Scott,Male,4,Bachelor,Stanford,0,gus.scott@email.com,555-0525
Hana Smith,Female,5,Master,Berkeley,2,hana.smith@email.com,555-0526
Ike Stewart,Male,2,Bachelor,MIT,0,ike.stewart@email.com,555-0527
Jill Taylor,Female,6,Bachelor,Yale,2,jill.taylor@email.com,555-0528
Kian Thomas,Male,5,Bachelor,Stanford,0,kian.thomas@email.com,555-0529
Lia Thompson,Female,4,Master,Berkeley,3,lia.thompson@email.com,555-0530
Max Turner,Male,3,Master,MIT,0,max.turner@email.com,555-0531
Nia Walker,Female,7,PhD,Harvard,1,nia.walker@email.com,555-0532
Omar Ward,Male,4,Bachelor,Stanford,0,omar.ward@email.com,555-0533
Pia White,Female,5,Bachelor,Harvard,2,pia.white@email.com,555-0534
Quin Wilson,Male,2,Bachelor,MIT,0,quin.wilson@email.com,555-0535
Ria Wood,Female,6,Master,Berkeley,3,ria.wood@email.com,555-0536
Sam Wright,Male,5,Bachelor,Stanford,0,sam.wright@email.com,555-0537
Tara Young,Female,4,Bachelor,Yale,2,tara.young@email.com,555-0538
Toby Adams,Male,3,Master,MIT,0,toby.adams@email.com,555-0539
Uma Allen,Female,7,PhD,Harvard,1,uma.allen@email.com,555-0540
Vince Bailey,Male,4,Bachelor,Stanford,0,vince.bailey@email.com,555-0541
Willa Barnes,Female,5,Master,Berkeley,2,willa.barnes@email.com,555-0542
Wes Bennett,Male,2,Bachelor,MIT,0,wes.bennett@email.com,555-0543
Xena Brooks,Female,6,Bachelor,Yale,2,xena.brooks@email.com,555-0544
Yale Carter,Male,5,Bachelor,Stanford,0,yale.carter@email.com,555-0545
Zara Clark,Female,4,Master,Berkeley,3,zara.clark@email.com,555-0546
Alec Collins,Male,3,Master,MIT,0,alec.collins@email.com,555-0547
Bryn Cook,Female,7,PhD,Harvard,1,bryn.cook@email.com,555-0548
Cade Cooper,Male,4,Bachelor,Stanford,0,cade.cooper@email.com,555-0549
Dana Cox,Female,5,Bachelor,Harvard,2,dana.cox@email.com,555-0550
Evan Davis,Male,2,Bachelor,MIT,0,evan.davis@email.com,555-0551
Faye Edwards,Female,6,Master,Berkeley,3,faye.edwards@email.com,555-0552
Gus Ellis,Male,5,Bachelor,Stanford,0,gus.ellis@email.com,555-0553
Hana Evans,Female,4,Bachelor,Yale,2,hana.evans@email.com,555-0554
Ike Fisher,Male,3,Master,MIT,0,ike.fisher@email.com,555-0555
Jill Ford,Female,7,PhD,Harvard,1,jill.ford@email.com,555-0556
Kian Foster,Male,4,Bachelor,Stanford,0,kian.foster@email.com,555-0557
Lia Fox,Female,5,Master,Berkeley,2,lia.fox@email.com,555-0558
Max Gibson,Male,2,Bachelor,MIT,0,max.gibson@email.com,555-0559
Nia Gray,Female,6,Bachelor,Yale,2,nia.gray@email.com,555-0560
Omar Green,Male,5,Bachelor,Stanford,0,omar.green@email.com,555-0561
Pia Hall,Female,4,Master,Berkeley,3,pia.hall@email.com,555-0562
Quin Harris,Male,3,Master,MIT,0,quin.harris@email.com,555-0563
Ria Hayes,Female,7,PhD,Harvard,1,ria.hayes@email.com,555-0564
Sam Hill,Male,4,Bachelor,Stanford,0,sam.hill@email.com,555-0565
Tara Howard,Female,5,Bachelor,Harvard,2,tara.howard@email.com,555-0566
Toby Hughes,Male,2,Bachelor,MIT,0,toby.hughes@email.com,555-0567
Uma Hunt,Female,6,Master,Berkeley,3,uma.hunt@email.com,555-0568
Vince Jackson,Male,5,Bachelor,Stanford,0,vince.jackson@email.com,555-0569
Willa James,Female,4,Bachelor,Yale,2,willa.james@email.com,555-0570
Wes Jenkins,Male,3,Master,MIT,0,wes.jenkins@email.com,555-0571
Xena Johnson,Female,7,PhD,Harvard,1,xena.johnson@email.com,555-0572
Yale Jones,Male,4,Bachelor,Stanford,0,yale.jones@email.com,555-0573
Zara Kelly,Female,5,Master,Berkeley,2,zara.kelly@email.com,555-0574
Alec King,Male,2,Bachelor,MIT,0,alec.king@email.com,555-0575
Bryn Lee,Female,6,Bachelor,Yale,2,bryn.lee@email.com,555-0576
Cade Lewis,Male,5,Bachelor,Stanford,0,cade.lewis@email.com,555-0577
Dana Long,Female,4,Master,Berkeley,3,dana.long@email.com,555-0578
Evan Lopez,Male,3,Master,MIT,0,evan.lopez@email.com,555-0579
Faye Martinez,Female,7,PhD,Harvard,1,faye.martinez@email.com,555-0580
Gus Miller,Male,4,Bachelor,Stanford,0,gus.miller@email.com,555-0581
Hana Moore,Female,5,Bachelor,Harvard,2,hana.moore@email.com,555-0582
Ike Morris,Male,2,Bachelor,MIT,0,ike.morris@email.com,555-0583
Jill Murphy,Female,6,Master,Berkeley,3,jill.murphy@email.com,555-0584
Kian Nelson,Male,5,Bachelor,Stanford,0,kian.nelson@email.com,555-0585
Lia Parker,Female,4,Bachelor,Yale,2,lia.parker@email.com,555-0586
Max Perry,Male,3,Master,MIT,0,max.perry@email.com,555-0587
Nia Phillips,Female,7,PhD,Harvard,1,nia.phillips@email.com,555-0588
Omar Price,Male,4,Bachelor,Stanford,0,omar.price@email.com,555-0589
Pia Reed,Female,5,Master,Berkeley,2,pia.reed@email.com,555-0590
Quin Roberts,Male,2,Bachelor,MIT,0,quin.roberts@email.com,555-0591
Ria Rogers,Female,6,Bachelor,Yale,2,ria.rogers@email.com,555-0592
Sam Ross,Male,5,Bachelor,Stanford,0,sam.ross@email.com,555-0593
Tara Scott,Female,4,Master,Berkeley,3,tara.scott@email.com,555-0594
Toby Smith,Male,3,Master,MIT,0,toby.smith@email.com,555-0595
Uma Stewart,Female,7,PhD,Harvard,1,uma.stewart@email.com,555-0596
Vince Taylor,Male,4,Bachelor,Stanford,0,vince.taylor@email.com,555-0597
Willa Thomas,Female,5,Bachelor,Harvard,2,willa.thomas@email.com,555-0598
Wes Thompson,Male,2,Bachelor,MIT,0,wes.thompson@email.com,555-0599
Xena Turner,Female,6,Master,Berkeley,3,xena.turner@email.com,555-0600
Yale Walker,Male,5,Bachelor,Stanford,0,yale.walker@email.com,555-0601
Zara Ward,Female,4,Bachelor,Yale,2,zara.ward@email.com,555-0602
Alec White,Male,3,Master,MIT,0,alec.white@email.com,555-0603
Bryn Wilson,Female,7,PhD,Harvard,1,bryn.wilson@email.com,555-0604
Cade Wood,Male,4,Bachelor,Stanford,0,cade.wood@email.com,555-0605
Dana Wright,Male,5,Bachelor,MIT,1,dana.wright@email.com,555-0606
Evan Young,Male,2,Bachelor,Stanford,0,evan.young@email.com,555-0607
Faye Adams,Female,6,Master,Berkeley,3,faye.adams@email.com,555-0608
Gus Allen,Male,5,Bachelor,MIT,0,gus.allen@email.com,555-0609
Hana Bailey,Female,4,Bachelor,Yale,2,hana.bailey@email.com,555-0610
Ike Barnes,Male,3,Master,Stanford,0,ike.barnes@email.com,555-0611
Jill Bennett,Female,7,PhD,Harvard,1,jill.bennett@email.com,555-0612
Kian Brooks,Male,4,Bachelor,MIT,0,kian.brooks@email.com,555-0613
Lia Carter,Female,5,Master,Berkeley,2,lia.carter@email.com,555-0614
Max Clark,Male,2,Bachelor,Stanford,0,max.clark@email.com,555-0615
Nia Collins,Female,6,Bachelor,Yale,2,nia.collins@email.com,555-0616
Omar Cook,Male,5,Bachelor,MIT,0,omar.cook@email.com,555-0617
Pia Cooper,Female,4,Master,Berkeley,3,pia.cooper@email.com,555-0618
Quin Cox,Male,3,Master,Stanford,0,quin.cox@email.com,555-0619
Ria Davis,Female,7,PhD,Harvard,1,ria.davis@email.com,555-0620
Sam Edwards,Male,4,Bachelor,MIT,0,sam.edwards@email.com,555-0621
Tara Ellis,Female,5,Bachelor,Harvard,2,tara.ellis@email.com,555-0622
Toby Evans,Male,2,Bachelor,Stanford,0,toby.evans@email.com,555-0623
Uma Fisher,Female,6,Master,Berkeley,3,uma.fisher@email.com,555-0624
Vince Ford,Male,5,Bachelor,MIT,0,vince.ford@email.com,555-0625
Willa Foster,Female,4,Bachelor,Yale,2,willa.foster@email.com,555-0626
Wes Fox,Male,3,Master,Stanford,0,wes.fox@email.com,555-0627
Xena Gibson,Female,7,PhD,Harvard,1,xena.gibson@email.com,555-0628
Yale Gray,Male,4,Bachelor,MIT,0,yale.gray@email.com,555-0629
Zara Green,Female,5,Master,Berkeley,2,zara.green@email.com,555-0630
Alec Hall,Male,2,Bachelor,Stanford,0,alec.hall@email.com,555-0631
Bryn Harris,Female,6,Bachelor,Yale,2,bryn.harris@email.com,555-0632
Cade Hayes,Male,5,Bachelor,MIT,0,cade.hayes@email.com,555-0633
Dana Hill,Female,4,Master,Berkeley,3,dana.hill@email.com,555-0634
Evan Howard,Male,3,Master,Stanford,0,evan.howard@email.com,555-0635
Faye Hughes,Female,7,PhD,Harvard,1,faye.hughes@email.com,555-0636
Gus Hunt,Male,4,Bachelor,MIT,0,gus.hunt@email.com,555-0637
Hana Jackson,Female,5,Bachelor,Harvard,2,hana.jackson@email.com,555-0638
Ike James,Male,2,Bachelor,Stanford,0,ike.james@email.com,555-0639
Jill Jenkins,Female,6,Master,Berkeley,3,jill.jenkins@email.com,555-0640
Kian Johnson,Male,5,Bachelor,MIT,0,kian.johnson@email.com,555-0641
Lia Jones,Female,4,Bachelor,Yale,2,lia.jones@email.com,555-0642
Max Kelly,Male,3,Master,Stanford,0,max.kelly@email.com,555-0643
Nia King,Female,7,PhD,Harvard,1,nia.king@email.com,555-0644
Omar Lee,Male,4,Bachelor,MIT,0,omar.lee@email.com,555-0645
Pia Lewis,Female,5,Master,Berkeley,2,pia.lewis@email.com,555-0646
Quin Long,Male,2,Bachelor,Stanford,0,quin.long@email.com,555-0647
Ria Lopez,Female,6,Bachelor,Yale,2,ria.lopez@email.com,555-0648
Sam Martinez,Male,5,Bachelor,MIT,0,sam.martinez@email.com,555-0649
Tara Miller,Female,4,Master,Berkeley,3,tara.miller@email.com,555-0650
Toby Moore,Male,3,Master,Stanford,0,toby.moore@email.com,555-0651
Uma Morris,Female,7,PhD,Harvard,1,uma.morris@email.com,555-0652
Vince Murphy,Male,4,Bachelor,MIT,0,vince.murphy@email.com,555-0653
Willa Nelson,Female,5,Bachelor,Harvard,2,willa.nelson@email.com,555-0654
Wes Parker,Male,2,Bachelor,Stanford,0,wes.parker@email.com,555-0655
Xena Perry,Female,6,Master,Berkeley,3,xena.perry@email.com,555-0656
Yale Phillips,Male,5,Bachelor,MIT,0,yale.phillips@email.com,555-0657
Zara Price,Female,4,Bachelor,Yale,2,zara.price@email.com,555-0658
Alec Reed,Male,3,Master,Stanford,0,alec.reed@email.com,555-0659
Bryn Roberts,Female,7,PhD,Harvard,1,bryn.roberts@email.com,555-0660
Cade Rogers,Male,4,Bachelor,MIT,0,cade.rogers@email.com,555-0661
Dana Ross,Female,5,Master,Berkeley,2,dana.ross@email.com,555-0662
Evan Scott,Male,2,Bachelor,Stanford,0,evan.scott@email.com,555-0663
Faye Smith,Female,6,Bachelor,Yale,2,faye.smith@email.com,555-0664
Gus Stewart,Male,5,Bachelor,MIT,0,gus.stewart@email.com,555-0665
Hana Taylor,Female,4,Master,Berkeley,3,hana.taylor@email.com,555-0666
Ike Thomas,Male,3,Master,Stanford,0,ike.thomas@email.com,555-0667
Jill Thompson,Female,7,PhD,Harvard,1,jill.thompson@email.com,555-0668
Kian Turner,Male,4,Bachelor,MIT,0,kian.turner@email.com,555-0669
Lia Walker,Female,5,Bachelor,Harvard,2,lia.walker@email.com,555-0670
Max Ward,Male,2,Bachelor,Stanford,0,max.ward@email.com,555-0671
Nia White,Female,6,Master,Berkeley,3,nia.white@email.com,555-0672
Omar Wilson,Male,5,Bachelor,MIT,0,omar.wilson@email.com,555-0673
Pia Wood,Female,4,Bachelor,Yale,2,pia.wood@email.com,555-0674
Quin Wright,Male,3,Master,Stanford,0,quin.wright@email.com,555-0675
Ria Young,Female,7,PhD,Harvard,1,ria.young@email.com,555-0676
Sam Adams,Male,4,Bachelor,MIT,0,sam.adams@email.com,555-0677
Tara Allen,Female,5,Master,Berkeley,2,tara.allen@email.com,555-0678
Toby Bailey,Male,2,Bachelor,Stanford,0,toby.bailey@email.com,555-0679
Uma Barnes,Female,6,Bachelor,Yale,2,uma.barnes@email.com,555-0680
Vince Bennett,Male,5,Bachelor,MIT,0,vince.bennett@email.com,555-0681
Willa Brooks,Female,4,Master,Berkeley,3,willa.brooks@email.com,555-0682
Wes Carter,Male,3,Master,Stanford,0,wes.carter@email.com,555-0683
Xena Clark,Female,7,PhD,Harvard,1,xena.clark@email.com,555-0684
Yale Collins,Male,4,Bachelor,MIT,0,yale.collins@email.com,555-0685
Zara Cook,Female,5,Bachelor,Harvard,2,zara.cook@email.com,555-0686
Alec Cooper,Male,2,Bachelor,Stanford,0,alec.cooper@email.com,555-0687
Bryn Cox,Female,6,Master,Berkeley,3,bryn.cox@email.com,555-0688
Cade Davis,Male,5,Bachelor,MIT,0,cade.davis@email.com,555-0689
Dana Edwards,Female,4,Bachelor,Yale,2,dana.edwards@email.com,555-0690
Evan Ellis,Male,3,Master,Stanford,0,evan.ellis@email.com,555-0691
Faye Evans,Female,7,PhD,Harvard,1,faye.evans@email.com,555-0692
Gus Fisher,Male,4,Bachelor,MIT,0,gus.fisher@email.com,555-0693
Hana Ford,Female,5,Master,Berkeley,2,hana.ford@email.com,555-0694
Ike Foster,Male,2,Bachelor,Stanford,0,ike.foster@email.com,555-0695
Jill Fox,Female,6,Bachelor,Yale,2,jill.fox@email.com,555-0696
Kian Gibson,Male,5,Bachelor,MIT,0,kian.gibson@email.com,555-0697
Lia Gray,Female,4,Master,Berkeley,3,lia.gray@email.com,555-0698
Max Green,Male,3,Master,Stanford,0,max.green@email.com,555-0699
Nia Hall,Female,7,PhD,Harvard,1,nia.hall@email.com,555-0700
Omar Harris,Male,4,Bachelor,MIT,0,omar.harris@email.com,555-0701
Pia Hayes,Female,5,Bachelor,Harvard,2,pia.hayes@email.com,555-0702
Quin Hill,Male,2,Bachelor,Stanford,0,quin.hill@email.com,555-0703
Ria Howard,Female,6,Master,Berkeley,3,ria.howard@email.com,555-0704
Sam Hughes,Male,5,Bachelor,MIT,0,sam.hughes@email.com,555-0705
Tara Hunt,Female,4,Bachelor,Yale,2,tara.hunt@email.com,555-0706
Toby Jackson,Male,3,Master,Stanford,0,toby.jackson@email.com,555-0707
Uma James,Female,7,PhD,Harvard,1,uma.james@email.com,555-0708
Vince Jenkins,Male,4,Bachelor,MIT,0,vince.jenkins@email.com,555-0709
Willa Johnson,Female,5,Master,Berkeley,2,willa.johnson@email.com,555-0710
Wes Jones,Male,2,Bachelor,Stanford,0,wes.jones@email.com,555-0711
Xena Kelly,Female,6,Bachelor,Yale,2,xena.kelly@email.com,555-0712
Yale King,Male,5,Bachelor,MIT,0,yale.king@email.com,555-0713
Zara Lee,Female,4,Master,Berkeley,3,zara.lee@email.com,555-0714
Alec Lewis,Male,3,Master,Stanford,0,alec.lewis@email.com,555-0715
Bryn Long,Female,7,PhD,Harvard,1,bryn.long@email.com,555-0716
Cade Lopez,Male,4,Bachelor,MIT,0,cade.lopez@email.com,555-0717
Dana Martinez,Female,5,Bachelor,Harvard,2,dana.martinez@email.com,555-0718
Evan Miller,Male,2,Bachelor,Stanford,0,evan.miller@email.com,555-0719
Faye Moore,Female,6,Master,Berkeley,3,faye.moore@email.com,555-0720
Gus Morris,Male,5,Bachelor,MIT,0,gus.morris@email.com,555-0721
Hana Murphy,Female,4,Bachelor,Yale,2,hana.murphy@email.com,555-0722
Ike Nelson,Male,3,Master,Stanford,0,ike.nelson@email.com,555-0723
Jill Parker,Female,7,PhD,Harvard,1,jill.parker@email.com,555-0724
Kian Perry,Male,4,Bachelor,MIT,0,kian.perry@email.com,555-0725
Lia Phillips,Female,5,Master,Berkeley,2,lia.phillips@email.com,555-0726
Max Price,Male,2,Bachelor,Stanford,0,max.price@email.com,555-0727
Nia Reed,Female,6,Bachelor,Yale,2,nia.reed@email.com,555-0728
Omar Roberts,Male,5,Bachelor,MIT,0,omar.roberts@email.com,555-0729
Pia Rogers,Female,4,Master,Berkeley,3,pia.rogers@email.com,555-0730
Quin Ross,Male,3,Master,Stanford,0,quin.ross@email.com,555-0731
Ria Scott,Female,7,PhD,Harvard,1,ria.scott@email.com,555-0732
Sam Smith,Male,4,Bachelor,MIT,0,sam.smith@email.com,555-0733
Tara Stewart,Female,5,Bachelor,Harvard,2,tara.stewart@email.com,555-0734
Toby Taylor,Male,2,Bachelor,Stanford,0,toby.taylor@email.com,555-0735
Uma Thompson,Female,6,Master,Berkeley,3,uma.thompson@email.com,555-0736
Vince Turner,Male,5,Bachelor,MIT,0,vince.turner@email.com,555-0737
Willa Walker,Female,4,Bachelor,Yale,2,willa.walker@email.com,555-0738
Wes Ward,Male,3,Master,Stanford,0,wes.ward@email.com,555-0739
Xena White,Female,7,PhD,Harvard,1,xena.white@email.com,555-0740
Yale Wilson,Male,4,Bachelor,MIT,0,yale.wilson@email.com,555-0741
Zara Wood,Female,5,Master,Berkeley,2,zara.wood@email.com,555-0742
Alec Wright,Male,2,Bachelor,Stanford,0,alec.wright@email.com,555-0743
Bryn Young,Female,6,Bachelor,Yale,2,bryn.young@email.com,555-0744
Cade Adams,Male,5,Bachelor,MIT,0,cade.adams@email.com,555-0745
Dana Allen,Female,4,Master,Berkeley,3,dana.allen@email.com,555-0746
Evan Bailey,Male,3,Master,Stanford,0,evan.bailey@email.com,555-0747
Faye Barnes,Female,7,PhD,Harvard,1,faye.barnes@email.com,555-0748
Gus Bennett,Male,4,Bachelor,MIT,0,gus.bennett@email.com,555-0749
Hana Brooks,Female,5,Bachelor,Harvard,2,hana.brooks@email.com,555-0750
Ike Carter,Male,2,Bachelor,Stanford,0,ike.carter@email.com,555-0751
Jill Clark,Female,6,Master,Berkeley,3,jill.clark@email.com,555-0752
Kian Collins,Male,5,Bachelor,MIT,0,kian.collins@email.com,555-0753
Lia Cook,Female,4,Bachelor,Yale,2,lia.cook@email.com,555-0754
Max Cooper,Male,3,Master,Stanford,0,max.cooper@email.com,555-0755
Nia Cox,Female,7,PhD,Harvard,1,nia.cox@email.com,555-0756
Omar Davis,Male,4,Bachelor,MIT,0,omar.davis@email.com,555-0757
Pia Edwards,Female,5,Master,Berkeley,2,pia.edwards@email.com,555-0758
Quin Ellis,Male,2,Bachelor,Stanford,0,quin.ellis@email.com,555-0759
Ria Evans,Female,6,Bachelor,Yale,2,ria.evans@email.com,555-0760
Sam Fisher,Male,5,Bachelor,MIT,0,sam.fisher@email.com,555-0761
Tara Ford,Female,4,Master,Berkeley,3,tara.ford@email.com,555-0762
Toby Foster,Male,3,Master,Stanford,0,toby.foster@email.com,555-0763
Uma Fox,Female,7,PhD,Harvard,1,uma.fox@email.com,555-0764
Vince Gibson,Male,4,Bachelor,MIT,0,vince.gibson@email.com,555-0765
Willa Gray,Female,5,Bachelor,Harvard,2,willa.gray@email.com,555-0766
Wes Green,Male,2,Bachelor,Stanford,0,wes.green@email.com,555-0767
Xena Hall,Female,6,Master,Berkeley,3,xena.hall@email.com,555-0768
Yale Harris,Male,5,Bachelor,MIT,0,yale.harris@email.com,555-0769
Zara Hayes,Female,4,Bachelor,Yale,2,zara.hayes@email.com,555-0770
Alec Hill,Male,3,Master,Stanford,0,alec.hill@email.com,555-0771
Bryn Howard,Female,7,PhD,Harvard,1,bryn.howard@email.com,555-0772
Cade Hughes,Male,4,Bachelor,MIT,0,cade.hughes@email.com,555-0773
Dana Hunt,Female,5,Master,Berkeley,2,dana.hunt@email.com,555-0774
Evan Jackson,Male,2,Bachelor,Stanford,0,evan.jackson@email.com,555-0775
Faye James,Female,6,Bachelor,Yale,2,faye.james@email.com,555-0776
Gus Jenkins,Male,5,Bachelor,MIT,0,gus.jenkins@email.com,555-0777
Hana Johnson,Female,4,Master,Berkeley,3,hana.johnson@email.com,555-0778
Ike Jones,Male,3,Master,Stanford,0,ike.jones@email.com,555-0779
Jill Kelly,Female,7,PhD,Harvard,1,jill.kelly@email.com,555-0780
Kian King,Male,4,Bachelor,MIT,0,kian.king@email.com,555-0781
Lia Lee,Female,5,Bachelor,Harvard,2,lia.lee@email.com,555-0782
Max Lewis,Male,2,Bachelor,Stanford,0,max.lewis@email.com,555-0783
Nia Long,Female,6,Master,Berkeley,3,nia.long@email.com,555-0784
Omar Lopez,Male,5,Bachelor,MIT,0,omar.lopez@email.com,555-0785
Pia Martinez,Female,4,Bachelor,Yale,2,pia.martinez@email.com,555-0786
Quin Miller,Male,3,Master,Stanford,0,quin.miller@email.com,555-0787
Ria Morris,Female,7,PhD,Harvard,1,ria.morris@email.com,555-0788
Sam Murphy,Male,4,Bachelor,MIT,0,sam.murphy@email.com,555-0789
Tara Nelson,Female,5,Master,Berkeley,2,tara.nelson@email.com,555-0790
Toby Parker,Male,2,Bachelor,Stanford,0,toby.parker@email.com,555-0791
Uma Perry,Female,6,Bachelor,Yale,2,uma.perry@email.com,555-0792
Vince Phillips,Male,5,Bachelor,MIT,0,vince.phillips@email.com,555-0793
Willa Price,Female,4,Master,Berkeley,3,willa.price@email.com,555-0794
Wes Reed,Male,3,Master,Stanford,0,wes.reed@email.com,555-0795
Xena Roberts,Female,7,PhD,Harvard,1,xena.roberts@email.com,555-0796
Yale Rogers,Male,4,Bachelor,MIT,0,yale.rogers@email.com,555-0797
Zara Ross,Female,5,Bachelor,Harvard,2,zara.ross@email.com,555-0798
Alec Scott,Male,2,Bachelor,Stanford,0,alec.scott@email.com,555-0799
Bryn Smith,Female,6,Master,Berkeley,3,bryn.smith@email.com,555-0800
Cade Stewart,Male,5,Bachelor,MIT,0,cade.stewart@email.com,555-0801
Dana Taylor,Female,4,Bachelor,Yale,2,dana.taylor@email.com,555-0802
Evan Thompson,Male,3,Master,Stanford,0,evan.thompson@email.com,555-0803
Faye Turner,Female,7,PhD,Harvard,1,faye.turner@email.com,555-0804
Gus Walker,Male,4,Bachelor,MIT,0,gus.walker@email.com,555-0805
Hana Ward,Female,5,Master,Berkeley,2,hana.ward@email.com,555-0806
Ike White,Male,2,Bachelor,Stanford,0,ike.white@email.com,555-0807
Jill Wilson,Female,6,Bachelor,Yale,2,jill.wilson@email.com,555-0808
Kian Wood,Male,5,Bachelor,MIT,0,kian.wood@email.com,555-0809
Lia Wright,Female,4,Master,Berkeley,3,lia.wright@email.com,555-0810
Max Young,Male,3,Master,Stanford,0,max.young@email.com,555-0811
Nia Adams,Female,7,PhD,Harvard,1,nia.adams@email.com,555-0812
Omar Allen,Male,4,Bachelor,MIT,0,omar.allen@email.com,555-0813
Pia Bailey,Female,5,Bachelor,Harvard,2,pia.bailey@email.com,555-0814
Quin Barnes,Male,2,Bachelor,Stanford,0,quin.barnes@email.com,555-0815
Ria Bennett,Female,6,Master,Berkeley,3,ria.bennett@email.com,555-0816
Sam Brooks,Male,5,Bachelor,MIT,0,sam.brooks@email.com,555-0817
Tara Carter,Female,4,Bachelor,Yale,2,tara.carter@email.com,555-0818
Toby Clark,Male,3,Master,Stanford,0,toby.clark@email.com,555-0819
Uma Collins,Female,7,PhD,Harvard,1,uma.collins@email.com,555-0820
Vince Cook,Male,4,Bachelor,MIT,0,vince.cook@email.com,555-0821
Willa Cooper,Female,5,Master,Berkeley,2,willa.cooper@email.com,555-0822
Wes Cox,Male,2,Bachelor,Stanford,0,wes.cox@email.com,555-0823
Xena Davis,Female,6,Bachelor,Yale,2,xena.davis@email.com,555-0824
Yale Edwards,Male,5,Bachelor,MIT,0,yale.edwards@email.com,555-0825
Zara Ellis,Female,4,Master,Berkeley,3,zara.ellis@email.com,555-0826
Alec Evans,Male,3,Master,Stanford,0,alec.evans@email.com,555-0827
Bryn Fisher,Female,7,PhD,Harvard,1,bryn.fisher@email.com,555-0828
Cade Ford,Male,4,Bachelor,MIT,0,cade.ford@email.com,555-0829
Dana Foster,Female,5,Bachelor,Harvard,2,dana.foster@email.com,555-0830
Evan Fox,Male,2,Bachelor,Stanford,0,evan.fox@email.com,555-0831
Faye Gibson,Female,6,Master,Berkeley,3,faye.gibson@email.com,555-0832
Gus Gray,Male,5,Bachelor,MIT,0,gus.gray@email.com,555-0833
Hana Green,Female,4,Bachelor,Yale,2,hana.green@email.com,555-0834
Ike Hall,Male,3,Master,Stanford,0,ike.hall@email.com,555-0835
Jill Harris,Female,7,PhD,Harvard,1,jill.harris@email.com,555-0836
Kian Hayes,Male,4,Bachelor,MIT,0,kian.hayes@email.com,555-0837
Lia Hill,Female,5,Master,Berkeley,2,lia.hill@email.com,555-0838
Max Howard,Male,2,Bachelor,Stanford,0,max.howard@email.com,555-0839
Nia Hughes,Female,6,Bachelor,Yale,2,nia.hughes@email.com,555-0840
Omar Hunt,Male,5,Bachelor,MIT,0,omar.hunt@email.com,555-0841
Pia Jackson,Female,4,Master,Berkeley,3,pia.jackson@email.com,555-0842
Quin James,Male,3,Master,Stanford,0,quin.james@email.com,555-0843
Ria Jenkins,Female,7,PhD,Harvard,1,ria.jenkins@email.com,555-0844
Sam Johnson,Male,4,Bachelor,MIT,0,sam.johnson@email.com,555-0845
Tara Jones,Female,5,Bachelor,Harvard,2,tara.jones@email.com,555-0846
Toby Kelly,Male,2,Bachelor,Stanford,0,toby.kelly@email.com,555-0847
Uma King,Female,6,Master,Berkeley,3,uma.king@email.com,555-0848
Vince Lee,Male,5,Bachelor,MIT,0,vince.lee@email.com,555-0849
Willa Lewis,Female,4,Bachelor,Yale,2,willa.lewis@email.com,555-0850
Wes Long,Male,3,Master,Stanford,0,wes.long@email.com,555-0851
Xena Lopez,Female,7,PhD,Harvard,1,xena.lopez@email.com,555-0852
Yale Martinez,Male,4,Bachelor,MIT,0,yale.martinez@email.com,555-0853
Zara Miller,Female,5,Master,Berkeley,2,zara.miller@email.com,555-0854
Alec Morris,Male,2,Bachelor,Stanford,0,alec.morris@email.com,555-0855
Bryn Murphy,Female,6,Bachelor,Yale,2,bryn.murphy@email.com,555-0856
Cade Nelson,Male,5,Bachelor,MIT,0,cade.nelson@email.com,555-0857
Dana Parker,Female,4,Master,Berkeley,3,dana.parker@email.com,555-0858
Evan Perry,Male,3,Master,Stanford,0,evan.perry@email.com,555-0859
Faye Phillips,Female,7,PhD,Harvard,1,faye.phillips@email.com,555-0860
Gus Price,Male,4,Bachelor,MIT,0,gus.price@email.com,555-0861
Hana Reed,Female,5,Bachelor,Harvard,2,hana.reed@email.com,555-0862
Ike Roberts,Male,2,Bachelor,Stanford,0,ike.roberts@email.com,555-0863
Jill Rogers,Female,6,Master,Berkeley,3,jill.rogers@email.com,555-0864
Kian Ross,Male,5,Bachelor,MIT,0,kian.ross@email.com,555-0865
Lia Scott,Female,4,Bachelor,Yale,2,lia.scott@email.com,555-0866
Max Smith,Male,3,Master,Stanford,0,max.smith@email.com,555-0867
Nia Stewart,Female,7,PhD,Harvard,1,nia.stewart@email.com,555-0868
Omar Taylor,Male,4,Bachelor,MIT,0,omar.taylor@email.com,555-0869
Pia Thompson,Female,5,Master,Berkeley,2,pia.thompson@email.com,555-0870
Quin Turner,Male,2,Bachelor,Stanford,0,quin.turner@email.com,555-0871
Ria Walker,Female,6,Bachelor,Yale,2,ria.walker@email.com,555-0872
Sam Ward,Male,5,Bachelor,MIT,0,sam.ward@email.com,555-0873
Tara White,Female,4,Master,Berkeley,3,tara.white@email.com,555-0874
Toby Wilson,Male,3,Master,Stanford,0,toby.wilson@email.com,555-0875
Uma Wood,Female,7,PhD,Harvard,1,uma.wood@email.com,555-0876
Vince Wright,Male,4,Bachelor,MIT,0,vince.wright@email.com,555-0877
Willa Young,Female,5,Bachelor,Harvard,2,willa.young@email.com,555-0878
Wes Adams,Male,2,Bachelor,Stanford,0,wes.adams@email.com,555-0879
Xena Allen,Female,6,Master,Berkeley,3,xena.allen@email.com,555-0880
Yale Bailey,Male,5,Bachelor,MIT,0,yale.bailey@email.com,555-0881
Zara Barnes,Female,4,Bachelor,Yale,2,zara.barnes@email.com,555-0882
Alec Bennett,Male,3,Master,Stanford,0,alec.bennett@email.com,555-0883
Bryn Brooks,Female,7,PhD,Harvard,1,bryn.brooks@email.com,555-0884
Cade Carter,Male,4,Bachelor,MIT,0,cade.carter@email.com,555-0885
Dana Clark,Female,5,Master,Berkeley,2,dana.clark@email.com,555-0886
Evan Collins,Male,2,Bachelor,Stanford,0,evan.collins@email.com,555-0887
Faye Cook,Female,6,Bachelor,Yale,2,faye.cook@email.com,555-0888
Gus Cooper,Male,5,Bachelor,MIT,0,gus.cooper@email.com,555-0889
Hana Cox,Female,4,Master,Berkeley,3,hana.cox@email.com,555-0890
Ike Davis,Male,3,Master,Stanford,0,ike.davis@email.com,555-0891
Jill Edwards,Female,7,PhD,Harvard,1,jill.edwards@email.com,555-0892
Kian Ellis,Male,4,Bachelor,MIT,0,kian.ellis@email.com,555-0893
Lia Evans,Female,5,Bachelor,Harvard,2,lia.evans@email.com,555-0894
Max Fisher,Male,2,Bachelor,Stanford,0,max.fisher@email.com,555-0895
Nia Ford,Female,6,Master,Berkeley,3,nia.ford@email.com,555-0896
Omar Foster,Male,5,Bachelor,MIT,0,omar.foster@email.com,555-0897
Pia Fox,Female,4,Bachelor,Yale,2,pia.fox@email.com,555-0898
Quin Gibson,Male,3,Master,Stanford,0,quin.gibson@email.com,555-0899
Ria Gray,Female,7,PhD,Harvard,1,ria.gray@email.com,555-0900
Sam Green,Male,4,Bachelor,MIT,0,sam.green@email.com,555-0901
Tara Hall,Female,5,Master,Berkeley,2,tara.hall@email.com,555-0902
Toby Harris,Male,2,Bachelor,Stanford,0,toby.harris@email.com,555-0903
Uma Hayes,Female,6,Bachelor,Yale,2,uma.hayes@email.com,555-0904
Vince Hill,Male,5,Bachelor,MIT,0,vince.hill@email.com,555-0905
Willa Howard,Female,4,Master,Berkeley,3,willa.howard@email.com,555-0906
Wes Hughes,Male,3,Master,Stanford,0,wes.hughes@email.com,555-0907
Xena Hunt,Female,7,PhD,Harvard,1,xena.hunt@email.com,555-0908
Yale Jackson,Male,4,Bachelor,MIT,0,yale.jackson@email.com,555-0909
Zara Jenkins,Female,5,Bachelor,Harvard,2,zara.jenkins@email.com,555-0910
Alec Johnson,Male,2,Bachelor,Stanford,0,alec.johnson@email.com,555-0911